Size,Iterations,Algorithm,Data Shape,Avg (ns),Avg (s),Std (ns),Min (ns),Max (ns),Status
20,100000,Shell Sort,Random Ints,4903.5,0.000004904,423.7,3625.0,21625.0,Success
20,100000,Heap Sort,Random Ints,1772.6,0.000001773,236.7,1583.0,40584.0,Success
20,100000,Merge Sort,Random Ints,12290.1,0.000012290,339.3,11542.0,38917.0,Success
20,100000,Quick Sort,Random Ints,12138.6,0.000012139,1070.4,8667.0,41333.0,Success
20,100000,Timsort (built-in),Random Ints,464.5,0.000000464,74.3,333.0,11333.0,Success
20,100000,Timsort (custom),Random Ints,5957.1,0.000005957,738.6,3084.0,25834.0,Success
20,100000,Radix Sort,Random Ints,6592.7,0.000006593,274.2,6250.0,23500.0,Success
20,100000,Counting Sort,Random Ints,11159.5,0.000011159,702.9,7542.0,37917.0,Success
20,100000,Shell Sort,Sorted Ints,2385.0,0.000002385,144.5,2208.0,19667.0,Success
20,100000,Heap Sort,Sorted Ints,1655.6,0.000001656,154.0,1583.0,24042.0,Success
20,100000,Merge Sort,Sorted Ints,10678.2,0.000010678,323.8,10250.0,31000.0,Success
20,100000,Quick Sort,Sorted Ints,12553.8,0.000012554,2010.4,9417.0,66333.0,Success
20,100000,Timsort (built-in),Sorted Ints,111.9,0.000000112,41.2,41.0,6000.0,Success
20,100000,Timsort (custom),Sorted Ints,1394.1,0.000001394,117.7,1250.0,11875.0,Success
20,100000,Radix Sort,Sorted Ints,4480.1,0.000004480,274.4,4250.0,29958.0,Success
20,100000,Counting Sort,Sorted Ints,2961.2,0.000002961,187.6,2750.0,17916.0,Success
20,100000,Shell Sort,Reverse Sorted,3974.2,0.000003974,199.1,3750.0,22000.0,Success
20,100000,Heap Sort,Reverse Sorted,1625.7,0.000001626,150.7,1541.0,14708.0,Success
20,100000,Merge Sort,Reverse Sorted,11210.3,0.000011210,342.5,10708.0,40500.0,Success
20,100000,Quick Sort,Reverse Sorted,12524.8,0.000012525,2058.4,9417.0,60417.0,Success
20,100000,Timsort (built-in),Reverse Sorted,115.7,0.000000116,46.5,41.0,6292.0,Success
20,100000,Timsort (custom),Reverse Sorted,10054.8,0.000010055,310.8,9583.0,27000.0,Success
20,100000,Radix Sort,Reverse Sorted,4503.8,0.000004504,260.5,4291.0,31292.0,Success
20,100000,Counting Sort,Reverse Sorted,2913.9,0.000002914,176.3,2750.0,21583.0,Success
20,100000,Shell Sort,Almost Sorted,3043.6,0.000003044,568.4,2291.0,20500.0,Success
20,100000,Heap Sort,Almost Sorted,1727.5,0.000001727,157.3,1583.0,19375.0,Success
20,100000,Merge Sort,Almost Sorted,11255.0,0.000011255,420.4,10417.0,32166.0,Success
20,100000,Quick Sort,Almost Sorted,12528.9,0.000012529,2138.4,9333.0,73917.0,Success
20,100000,Timsort (built-in),Almost Sorted,261.1,0.000000261,95.0,83.0,10250.0,Success
20,100000,Timsort (custom),Almost Sorted,2128.6,0.000002129,482.6,1333.0,15250.0,Success
20,100000,Radix Sort,Almost Sorted,4555.0,0.000004555,267.3,4334.0,26458.0,Success
20,100000,Counting Sort,Almost Sorted,3026.3,0.000003026,158.5,2833.0,18500.0,Success
20,100000,Shell Sort,Half Sorted,4224.8,0.000004225,400.1,2833.0,19458.0,Success
20,100000,Heap Sort,Half Sorted,1861.8,0.000001862,145.0,1708.0,22750.0,Success
20,100000,Merge Sort,Half Sorted,11829.8,0.000011830,323.9,11042.0,29042.0,Success
20,100000,Quick Sort,Half Sorted,10214.6,0.000010215,1133.9,6458.0,31917.0,Success
20,100000,Timsort (built-in),Half Sorted,324.3,0.000000324,43.2,250.0,8833.0,Success
20,100000,Timsort (custom),Half Sorted,3698.7,0.000003699,557.3,1833.0,35209.0,Success
20,100000,Radix Sort,Half Sorted,4767.1,0.000004767,406.5,3042.0,42000.0,Success
20,100000,Counting Sort,Half Sorted,3191.3,0.000003191,199.8,2500.0,18375.0,Success
20,100000,Shell Sort,Flat (Few Unique),4174.2,0.000004174,384.5,3041.0,23208.0,Success
20,100000,Heap Sort,Flat (Few Unique),1924.4,0.000001924,153.5,1750.0,17958.0,Success
20,100000,Merge Sort,Flat (Few Unique),12244.3,0.000012244,317.0,11375.0,28208.0,Success
20,100000,Quick Sort,Flat (Few Unique),5573.8,0.000005574,1942.0,2667.0,49708.0,Success
20,100000,Timsort (built-in),Flat (Few Unique),444.1,0.000000444,107.9,291.0,17917.0,Success
20,100000,Timsort (custom),Flat (Few Unique),5155.3,0.000005155,716.2,2292.0,20791.0,Success
20,100000,Radix Sort,Flat (Few Unique),3120.2,0.000003120,227.3,2916.0,30250.0,Success
20,100000,Counting Sort,Flat (Few Unique),2318.9,0.000002319,164.3,2083.0,21416.0,Success
20,100000,Shell Sort,Floats,4898.9,0.000004899,429.5,3416.0,23500.0,Success
20,100000,Heap Sort,Floats,1705.3,0.000001705,126.4,1541.0,20000.0,Success
20,100000,Merge Sort,Floats,12199.9,0.000012200,332.0,11500.0,31625.0,Success
20,100000,Quick Sort,Floats,12727.1,0.000012727,2210.0,9500.0,75542.0,Success
20,100000,Timsort (built-in),Floats,517.5,0.000000517,90.5,416.0,17959.0,Success
20,100000,Timsort (custom),Floats,5914.8,0.000005915,724.5,3416.0,30417.0,Success
20,100000,Radix Sort,Floats,,,,,,Skipped (integers only)
20,100000,Counting Sort,Floats,,,,,,Skipped (integers only)
20,100000,Shell Sort,Strings,5194.5,0.000005195,446.1,3708.0,21875.0,Success
20,100000,Heap Sort,Strings,2212.0,0.000002212,122.2,2000.0,15375.0,Success
20,100000,Merge Sort,Strings,12418.9,0.000012419,324.4,11791.0,34625.0,Success
20,100000,Quick Sort,Strings,12974.9,0.000012975,1045.7,10000.0,41833.0,Success
20,100000,Timsort (built-in),Strings,674.6,0.000000675,73.2,542.0,14500.0,Success
20,100000,Timsort (custom),Strings,6348.1,0.000006348,895.1,3500.0,22833.0,Success
20,100000,Radix Sort,Strings,,,,,,Skipped (integers only)
20,100000,Counting Sort,Strings,,,,,,Skipped (integers only)
30,100000,Shell Sort,Random Ints,8281.5,0.000008281,630.4,6208.0,33042.0,Success
30,100000,Heap Sort,Random Ints,2701.5,0.000002702,168.2,2458.0,19042.0,Success
30,100000,Merge Sort,Random Ints,19640.8,0.000019641,651.3,18542.0,93834.0,Success
30,100000,Quick Sort,Random Ints,19596.5,0.000019596,1454.9,14750.0,42583.0,Success
30,100000,Timsort (built-in),Random Ints,748.6,0.000000749,71.9,625.0,9209.0,Success
30,100000,Timsort (custom),Random Ints,11925.0,0.000011925,1293.9,6542.0,43625.0,Success
30,100000,Radix Sort,Random Ints,8562.6,0.000008563,267.6,8166.0,27000.0,Success
30,100000,Counting Sort,Random Ints,17736.0,0.000017736,898.5,12792.0,44334.0,Success
30,100000,Shell Sort,Sorted Ints,3719.4,0.000003719,176.0,3500.0,19667.0,Success
30,100000,Heap Sort,Sorted Ints,2585.9,0.000002586,154.9,2458.0,19083.0,Success
30,100000,Merge Sort,Sorted Ints,17145.4,0.000017145,418.0,16583.0,48708.0,Success
30,100000,Quick Sort,Sorted Ints,20074.9,0.000020075,2491.5,15667.0,89750.0,Success
30,100000,Timsort (built-in),Sorted Ints,139.3,0.000000139,50.4,83.0,10375.0,Success
30,100000,Timsort (custom),Sorted Ints,1894.6,0.000001895,132.8,1750.0,18667.0,Success
30,100000,Radix Sort,Sorted Ints,5802.0,0.000005802,249.9,5583.0,25666.0,Success
30,100000,Counting Sort,Sorted Ints,4219.9,0.000004220,217.3,3958.0,20167.0,Success
30,100000,Shell Sort,Reverse Sorted,7195.3,0.000007195,267.4,6875.0,33000.0,Success
30,100000,Heap Sort,Reverse Sorted,2478.3,0.000002478,182.7,2333.0,25375.0,Success
30,100000,Merge Sort,Reverse Sorted,17714.5,0.000017715,418.5,17125.0,42875.0,Success
30,100000,Quick Sort,Reverse Sorted,20029.8,0.000020030,2535.5,15500.0,72750.0,Success
30,100000,Timsort (built-in),Reverse Sorted,136.9,0.000000137,57.1,83.0,9375.0,Success
30,100000,Timsort (custom),Reverse Sorted,21199.5,0.000021200,458.4,20541.0,51750.0,Success
30,100000,Radix Sort,Reverse Sorted,5827.5,0.000005828,235.0,5584.0,25250.0,Success
30,100000,Counting Sort,Reverse Sorted,4137.6,0.000004138,224.1,3958.0,20583.0,Success
30,100000,Shell Sort,Almost Sorted,4702.6,0.000004703,823.2,3625.0,20500.0,Success
30,100000,Heap Sort,Almost Sorted,2625.3,0.000002625,175.1,2458.0,17542.0,Success
30,100000,Merge Sort,Almost Sorted,17971.1,0.000017971,649.1,16917.0,89250.0,Success
30,100000,Quick Sort,Almost Sorted,20082.6,0.000020083,2608.0,15750.0,72125.0,Success
30,100000,Timsort (built-in),Almost Sorted,349.1,0.000000349,109.2,83.0,10375.0,Success
30,100000,Timsort (custom),Almost Sorted,2965.7,0.000002966,688.5,1833.0,16292.0,Success
30,100000,Radix Sort,Almost Sorted,5855.2,0.000005855,242.7,5625.0,25375.0,Success
30,100000,Counting Sort,Almost Sorted,4317.0,0.000004317,189.4,4083.0,22875.0,Success
30,100000,Shell Sort,Half Sorted,7100.3,0.000007100,562.2,5041.0,36334.0,Success
30,100000,Heap Sort,Half Sorted,2786.2,0.000002786,150.2,2583.0,15334.0,Success
30,100000,Merge Sort,Half Sorted,18838.3,0.000018838,450.2,17958.0,48750.0,Success
30,100000,Quick Sort,Half Sorted,16441.1,0.000016441,1548.4,11042.0,43500.0,Success
30,100000,Timsort (built-in),Half Sorted,495.7,0.000000496,68.4,375.0,15458.0,Success
30,100000,Timsort (custom),Half Sorted,6881.5,0.000006881,963.5,3292.0,23125.0,Success
30,100000,Radix Sort,Half Sorted,6247.2,0.000006247,221.7,5917.0,21459.0,Success
30,100000,Counting Sort,Half Sorted,4507.6,0.000004508,219.7,3666.0,20875.0,Success
30,100000,Shell Sort,Flat (Few Unique),6683.0,0.000006683,562.6,4584.0,33417.0,Success
30,100000,Heap Sort,Flat (Few Unique),2928.3,0.000002928,149.1,2666.0,19708.0,Success
30,100000,Merge Sort,Flat (Few Unique),19695.0,0.000019695,458.9,18625.0,45041.0,Success
30,100000,Quick Sort,Flat (Few Unique),7130.3,0.000007130,2171.4,4625.0,74000.0,Success
30,100000,Timsort (built-in),Flat (Few Unique),710.7,0.000000711,78.4,583.0,10042.0,Success
30,100000,Timsort (custom),Flat (Few Unique),9942.3,0.000009942,1328.1,5041.0,29542.0,Success
30,100000,Radix Sort,Flat (Few Unique),4048.2,0.000004048,195.0,3833.0,22292.0,Success
30,100000,Counting Sort,Flat (Few Unique),3049.3,0.000003049,192.0,2750.0,25666.0,Success
30,100000,Shell Sort,Floats,8353.2,0.000008353,639.3,6333.0,34792.0,Success
30,100000,Heap Sort,Floats,2591.5,0.000002591,159.2,2375.0,23959.0,Success
30,100000,Merge Sort,Floats,19612.5,0.000019612,433.6,18625.0,48125.0,Success
30,100000,Quick Sort,Floats,20366.8,0.000020367,2519.7,15916.0,96375.0,Success
30,100000,Timsort (built-in),Floats,847.4,0.000000847,89.6,708.0,14584.0,Success
30,100000,Timsort (custom),Floats,11802.6,0.000011803,1252.7,6750.0,29125.0,Success
30,100000,Radix Sort,Floats,,,,,,Skipped (integers only)
30,100000,Counting Sort,Floats,,,,,,Skipped (integers only)
30,100000,Shell Sort,Strings,8822.6,0.000008823,658.2,6667.0,27667.0,Success
30,100000,Heap Sort,Strings,3394.7,0.000003395,132.6,3166.0,17792.0,Success
30,100000,Merge Sort,Strings,19980.2,0.000019980,513.4,19042.0,42583.0,Success
30,100000,Quick Sort,Strings,20833.1,0.000020833,1460.8,16417.0,51083.0,Success
30,100000,Timsort (built-in),Strings,1118.6,0.000001119,118.4,1000.0,26208.0,Success
30,100000,Timsort (custom),Strings,12618.9,0.000012619,1358.3,7042.0,41792.0,Success
30,100000,Radix Sort,Strings,,,,,,Skipped (integers only)
30,100000,Counting Sort,Strings,,,,,,Skipped (integers only)
50,100000,Shell Sort,Random Ints,16163.3,0.000016163,965.1,12958.0,38500.0,Success
50,100000,Heap Sort,Random Ints,4458.5,0.000004458,202.0,4125.0,21041.0,Success
50,100000,Merge Sort,Random Ints,35826.5,0.000035827,789.6,34292.0,110708.0,Success
50,100000,Quick Sort,Random Ints,35512.0,0.000035512,2208.6,27833.0,69000.0,Success
50,100000,Timsort (built-in),Random Ints,1398.1,0.000001398,89.7,1250.0,13625.0,Success
50,100000,Timsort (custom),Random Ints,22266.1,0.000022266,1432.7,16209.0,43750.0,Success
50,100000,Radix Sort,Random Ints,12612.4,0.000012612,372.9,12167.0,45292.0,Success
50,100000,Counting Sort,Random Ints,29996.9,0.000029997,1069.9,24416.0,60834.0,Success
50,100000,Shell Sort,Sorted Ints,6934.4,0.000006934,543.1,6625.0,32125.0,Success
50,100000,Heap Sort,Sorted Ints,4339.9,0.000004340,238.4,4125.0,23750.0,Success
50,100000,Merge Sort,Sorted Ints,30922.4,0.000030922,635.9,29958.0,60916.0,Success
50,100000,Quick Sort,Sorted Ints,36369.7,0.000036370,2727.9,29792.0,78292.0,Success
50,100000,Timsort (built-in),Sorted Ints,178.6,0.000000179,40.8,125.0,10042.0,Success
50,100000,Timsort (custom),Sorted Ints,7148.4,0.000007148,266.1,6833.0,25208.0,Success
50,100000,Radix Sort,Sorted Ints,8398.2,0.000008398,298.6,8125.0,29458.0,Success
50,100000,Counting Sort,Sorted Ints,6706.4,0.000006706,510.7,6375.0,49125.0,Success
50,100000,Shell Sort,Reverse Sorted,12401.8,0.000012402,306.8,11917.0,28792.0,Success
50,100000,Heap Sort,Reverse Sorted,4166.2,0.000004166,212.9,3917.0,22459.0,Success
50,100000,Merge Sort,Reverse Sorted,31998.4,0.000031998,611.6,31166.0,56833.0,Success
50,100000,Quick Sort,Reverse Sorted,36219.4,0.000036219,2767.4,29500.0,97041.0,Success
50,100000,Timsort (built-in),Reverse Sorted,187.0,0.000000187,55.7,125.0,9500.0,Success
50,100000,Timsort (custom),Reverse Sorted,34348.5,0.000034349,614.3,33500.0,64458.0,Success
50,100000,Radix Sort,Reverse Sorted,8369.5,0.000008370,287.2,8042.0,30833.0,Success
50,100000,Counting Sort,Reverse Sorted,6605.4,0.000006605,268.6,6333.0,24292.0,Success
50,100000,Shell Sort,Almost Sorted,8467.1,0.000008467,1296.4,6792.0,26417.0,Success
50,100000,Heap Sort,Almost Sorted,4425.3,0.000004425,220.8,4166.0,18292.0,Success
50,100000,Merge Sort,Almost Sorted,31968.4,0.000031968,784.8,30375.0,61625.0,Success
50,100000,Quick Sort,Almost Sorted,36255.3,0.000036255,2796.4,29917.0,86125.0,Success
50,100000,Timsort (built-in),Almost Sorted,533.6,0.000000534,162.4,166.0,11125.0,Success
50,100000,Timsort (custom),Almost Sorted,8614.3,0.000008614,867.3,7000.0,30458.0,Success
50,100000,Radix Sort,Almost Sorted,8464.9,0.000008465,272.1,8125.0,29333.0,Success
50,100000,Counting Sort,Almost Sorted,6762.0,0.000006762,240.0,6500.0,32125.0,Success
50,100000,Shell Sort,Half Sorted,14131.1,0.000014131,925.6,9833.0,34416.0,Success
50,100000,Heap Sort,Half Sorted,4608.0,0.000004608,239.4,4291.0,24167.0,Success
50,100000,Merge Sort,Half Sorted,33792.0,0.000033792,761.8,32417.0,76834.0,Success
50,100000,Quick Sort,Half Sorted,30156.1,0.000030156,2300.1,22625.0,59958.0,Success
50,100000,Timsort (built-in),Half Sorted,871.3,0.000000871,84.7,709.0,11583.0,Success
50,100000,Timsort (custom),Half Sorted,15352.2,0.000015352,1109.8,11042.0,40834.0,Success
50,100000,Radix Sort,Half Sorted,8929.6,0.000008930,270.6,8541.0,29417.0,Success
50,100000,Counting Sort,Half Sorted,7037.0,0.000007037,235.0,5875.0,26000.0,Success
50,100000,Shell Sort,Flat (Few Unique),12098.4,0.000012098,751.9,9500.0,30167.0,Success
50,100000,Heap Sort,Flat (Few Unique),5030.0,0.000005030,202.9,4625.0,22167.0,Success
50,100000,Merge Sort,Flat (Few Unique),35740.3,0.000035740,865.1,33834.0,65625.0,Success
50,100000,Quick Sort,Flat (Few Unique),10015.5,0.000010015,1971.6,7334.0,69709.0,Success
50,100000,Timsort (built-in),Flat (Few Unique),1328.4,0.000001328,112.6,1125.0,13042.0,Success
50,100000,Timsort (custom),Flat (Few Unique),19812.0,0.000019812,1438.5,13917.0,46458.0,Success
50,100000,Radix Sort,Flat (Few Unique),5836.3,0.000005836,250.7,5500.0,28834.0,Success
50,100000,Counting Sort,Flat (Few Unique),4448.6,0.000004449,335.2,4084.0,43584.0,Success
50,100000,Shell Sort,Floats,16310.2,0.000016310,977.7,12875.0,42250.0,Success
50,100000,Heap Sort,Floats,4311.0,0.000004311,205.2,4000.0,23625.0,Success
50,100000,Merge Sort,Floats,35725.8,0.000035726,634.9,34458.0,64667.0,Success
50,100000,Quick Sort,Floats,36811.8,0.000036812,2785.2,30708.0,84333.0,Success
50,100000,Timsort (built-in),Floats,1599.3,0.000001599,116.5,1416.0,12750.0,Success
50,100000,Timsort (custom),Floats,22552.6,0.000022553,1456.0,16958.0,44208.0,Success
50,100000,Radix Sort,Floats,,,,,,Skipped (integers only)
50,100000,Counting Sort,Floats,,,,,,Skipped (integers only)
50,100000,Shell Sort,Strings,17109.5,0.000017110,1016.8,13709.0,43250.0,Success
50,100000,Heap Sort,Strings,5902.1,0.000005902,232.0,5583.0,22708.0,Success
50,100000,Merge Sort,Strings,36256.2,0.000036256,756.6,34916.0,111000.0,Success
50,100000,Quick Sort,Strings,37854.8,0.000037855,2275.8,31000.0,71792.0,Success
50,100000,Timsort (built-in),Strings,2125.2,0.000002125,103.6,1958.0,15083.0,Success
50,100000,Timsort (custom),Strings,23332.0,0.000023332,1545.7,17334.0,50959.0,Success
50,100000,Radix Sort,Strings,,,,,,Skipped (integers only)
50,100000,Counting Sort,Strings,,,,,,Skipped (integers only)
100,100000,Shell Sort,Random Ints,39231.0,0.000039231,1747.7,32750.0,72958.0,Success
100,100000,Heap Sort,Random Ints,9347.5,0.000009348,295.9,8709.0,35458.0,Success
100,100000,Merge Sort,Random Ints,80241.4,0.000080241,1068.1,77875.0,146875.0,Success
100,100000,Quick Sort,Random Ints,79062.8,0.000079063,4160.2,66584.0,127166.0,Success
100,100000,Timsort (built-in),Random Ints,3236.5,0.000003237,169.6,2958.0,26125.0,Success
100,100000,Timsort (custom),Random Ints,52284.9,0.000052285,2255.5,43875.0,94500.0,Success
100,100000,Radix Sort,Random Ints,22604.8,0.000022605,1710.5,21333.0,54625.0,Success
100,100000,Counting Sort,Random Ints,62284.6,0.000062285,1848.1,56166.0,94833.0,Success
100,100000,Shell Sort,Sorted Ints,15640.0,0.000015640,343.3,15041.0,36834.0,Success
100,100000,Heap Sort,Sorted Ints,9137.4,0.000009137,266.5,8791.0,30167.0,Success
100,100000,Merge Sort,Sorted Ints,68502.6,0.000068503,920.7,66959.0,99709.0,Success
100,100000,Quick Sort,Sorted Ints,80660.8,0.000080661,4684.3,68917.0,187500.0,Success
100,100000,Timsort (built-in),Sorted Ints,263.2,0.000000263,57.0,208.0,10084.0,Success
100,100000,Timsort (custom),Sorted Ints,20686.4,0.000020686,431.4,20125.0,46042.0,Success
100,100000,Radix Sort,Sorted Ints,14908.2,0.000014908,320.2,14458.0,37209.0,Success
100,100000,Counting Sort,Sorted Ints,12991.9,0.000012992,323.3,12500.0,35459.0,Success
100,100000,Shell Sort,Reverse Sorted,27581.2,0.000027581,504.9,26875.0,55125.0,Success
100,100000,Heap Sort,Reverse Sorted,8821.4,0.000008821,252.4,8417.0,27083.0,Success
100,100000,Merge Sort,Reverse Sorted,70504.1,0.000070504,937.6,69000.0,103375.0,Success
100,100000,Quick Sort,Reverse Sorted,80444.5,0.000080444,4629.9,67833.0,130875.0,Success
100,100000,Timsort (built-in),Reverse Sorted,274.6,0.000000275,58.3,208.0,12250.0,Success
100,100000,Timsort (custom),Reverse Sorted,74378.3,0.000074378,935.2,73042.0,106166.0,Success
100,100000,Radix Sort,Reverse Sorted,20632.3,0.000020632,378.0,19917.0,42833.0,Success
100,100000,Counting Sort,Reverse Sorted,12835.3,0.000012835,353.5,12333.0,38250.0,Success
100,100000,Shell Sort,Almost Sorted,21192.5,0.000021192,2912.4,15708.0,42708.0,Success
100,100000,Heap Sort,Almost Sorted,9206.0,0.000009206,270.0,8791.0,27750.0,Success
100,100000,Merge Sort,Almost Sorted,71655.3,0.000071655,1599.8,67917.0,147792.0,Success
100,100000,Quick Sort,Almost Sorted,80749.0,0.000080749,4712.8,68875.0,183667.0,Success
100,100000,Timsort (built-in),Almost Sorted,1041.2,0.000001041,285.0,250.0,16584.0,Success
100,100000,Timsort (custom),Almost Sorted,24735.3,0.000024735,1612.1,20584.0,45500.0,Success
100,100000,Radix Sort,Almost Sorted,15155.0,0.000015155,381.8,14666.0,38958.0,Success
100,100000,Counting Sort,Almost Sorted,13035.5,0.000013035,335.3,12500.0,43500.0,Success
100,100000,Shell Sort,Half Sorted,34841.0,0.000034841,1671.8,28416.0,61625.0,Success
100,100000,Heap Sort,Half Sorted,9706.4,0.000009706,297.7,9250.0,34333.0,Success
100,100000,Merge Sort,Half Sorted,74985.8,0.000074986,1122.0,72667.0,182625.0,Success
100,100000,Quick Sort,Half Sorted,67959.0,0.000067959,4207.1,54833.0,110625.0,Success
100,100000,Timsort (built-in),Half Sorted,1838.1,0.000001838,130.5,1625.0,17167.0,Success
100,100000,Timsort (custom),Half Sorted,36785.1,0.000036785,1491.8,31083.0,63000.0,Success
100,100000,Radix Sort,Half Sorted,18171.4,0.000018171,2799.8,15375.0,44708.0,Success
100,100000,Counting Sort,Half Sorted,13538.4,0.000013538,485.0,12125.0,42792.0,Success
100,100000,Shell Sort,Flat (Few Unique),26615.5,0.000026616,1171.4,23041.0,59000.0,Success
100,100000,Heap Sort,Flat (Few Unique),10990.1,0.000010990,371.8,10166.0,47625.0,Success
100,100000,Merge Sort,Flat (Few Unique),79900.9,0.000079901,1115.3,76833.0,114167.0,Success
100,100000,Quick Sort,Flat (Few Unique),17292.4,0.000017292,2499.1,13208.0,59708.0,Success
100,100000,Timsort (built-in),Flat (Few Unique),2785.4,0.000002785,153.3,2458.0,18833.0,Success
100,100000,Timsort (custom),Flat (Few Unique),47127.2,0.000047127,2044.4,38541.0,78375.0,Success
100,100000,Radix Sort,Flat (Few Unique),10561.6,0.000010562,267.0,10125.0,29375.0,Success
100,100000,Counting Sort,Flat (Few Unique),7852.6,0.000007853,267.2,7375.0,32875.0,Success
100,100000,Shell Sort,Floats,39729.5,0.000039729,1850.9,33791.0,117833.0,Success
100,100000,Heap Sort,Floats,9266.1,0.000009266,236.8,8709.0,30750.0,Success
100,100000,Merge Sort,Floats,79960.0,0.000079960,1091.2,77292.0,111792.0,Success
100,100000,Quick Sort,Floats,82240.3,0.000082240,4550.2,70708.0,136333.0,Success
100,100000,Timsort (built-in),Floats,3673.5,0.000003673,142.8,3334.0,18542.0,Success
100,100000,Timsort (custom),Floats,52936.1,0.000052936,2092.1,43417.0,87166.0,Success
100,100000,Radix Sort,Floats,,,,,,Skipped (integers only)
100,100000,Counting Sort,Floats,,,,,,Skipped (integers only)
100,100000,Shell Sort,Strings,41552.8,0.000041553,1863.9,35209.0,74250.0,Success
100,100000,Heap Sort,Strings,12898.5,0.000012898,331.7,12375.0,44375.0,Success
100,100000,Merge Sort,Strings,80936.3,0.000080936,1124.3,78375.0,154708.0,Success
100,100000,Quick Sort,Strings,84560.1,0.000084560,4374.1,72208.0,116500.0,Success
100,100000,Timsort (built-in),Strings,4948.3,0.000004948,216.0,4583.0,26667.0,Success
100,100000,Timsort (custom),Strings,54841.0,0.000054841,2193.3,45125.0,91291.0,Success
100,100000,Radix Sort,Strings,,,,,,Skipped (integers only)
100,100000,Counting Sort,Strings,,,,,,Skipped (integers only)
1000,1000,Shell Sort,Random Ints,872181.4,0.000872181,34128.5,790459.0,998583.0,Success
1000,1000,Heap Sort,Random Ints,108793.3,0.000108793,2377.0,104834.0,125917.0,Success
1000,1000,Merge Sort,Random Ints,1106483.4,0.001106483,7298.4,1087834.0,1151458.0,Success
1000,1000,Quick Sort,Random Ints,1153513.9,0.001153514,42316.7,1058125.0,1342000.0,Success
1000,1000,Timsort (built-in),Random Ints,48397.0,0.000048397,967.2,47125.0,60417.0,Success
1000,1000,Timsort (custom),Random Ints,926789.2,0.000926789,20136.2,879042.0,984125.0,Success
1000,1000,Radix Sort,Random Ints,241129.9,0.000241130,13330.7,232792.0,290334.0,Success
1000,1000,Counting Sort,Random Ints,633094.3,0.000633094,8670.1,612666.0,677333.0,Success
1000,1000,Shell Sort,Sorted Ints,263901.8,0.000263902,3862.0,260375.0,298541.0,Success
1000,1000,Heap Sort,Sorted Ints,107855.2,0.000107855,1947.9,105167.0,127333.0,Success
1000,1000,Merge Sort,Sorted Ints,929195.3,0.000929195,8029.7,910541.0,960541.0,Success
1000,1000,Quick Sort,Sorted Ints,1144877.0,0.001144877,42980.6,1059875.0,1363875.0,Success
1000,1000,Timsort (built-in),Sorted Ints,1912.3,0.000001912,77.1,1792.0,2625.0,Success
1000,1000,Timsort (custom),Sorted Ints,419815.8,0.000419816,5192.9,414542.0,456166.0,Success
1000,1000,Radix Sort,Sorted Ints,178611.2,0.000178611,2074.1,175458.0,199583.0,Success
1000,1000,Counting Sort,Sorted Ints,138457.1,0.000138457,2472.8,135708.0,158375.0,Success
1000,1000,Shell Sort,Reverse Sorted,499590.0,0.000499590,6613.4,491167.0,541333.0,Success
1000,1000,Heap Sort,Reverse Sorted,106157.6,0.000106158,2417.8,102791.0,123250.0,Success
1000,1000,Merge Sort,Reverse Sorted,936306.1,0.000936306,7378.8,922792.0,983625.0,Success
1000,1000,Quick Sort,Reverse Sorted,1148362.0,0.001148362,45789.6,1048250.0,1404292.0,Success
1000,1000,Timsort (built-in),Reverse Sorted,2034.1,0.000002034,87.3,1917.0,2916.0,Success
1000,1000,Timsort (custom),Reverse Sorted,1183341.2,0.001183341,19161.0,1162167.0,1273875.0,Success
1000,1000,Radix Sort,Reverse Sorted,225214.9,0.000225215,2535.9,220542.0,249542.0,Success
1000,1000,Counting Sort,Reverse Sorted,134653.6,0.000134654,2208.4,132250.0,152000.0,Success
1000,1000,Shell Sort,Almost Sorted,516433.5,0.000516434,24299.8,443625.0,626416.0,Success
1000,1000,Heap Sort,Almost Sorted,108185.8,0.000108186,2161.9,104583.0,125167.0,Success
1000,1000,Merge Sort,Almost Sorted,1004251.4,0.001004251,8713.3,976083.0,1052042.0,Success
1000,1000,Quick Sort,Almost Sorted,1143256.7,0.001143257,44173.5,1047625.0,1327625.0,Success
1000,1000,Timsort (built-in),Almost Sorted,12446.4,0.000012446,898.5,9750.0,21500.0,Success
1000,1000,Timsort (custom),Almost Sorted,514555.2,0.000514555,8423.0,492125.0,551542.0,Success
1000,1000,Radix Sort,Almost Sorted,180191.9,0.000180192,1823.4,177042.0,196541.0,Success
1000,1000,Counting Sort,Almost Sorted,139830.1,0.000139830,2072.8,135667.0,154084.0,Success
1000,1000,Shell Sort,Half Sorted,758188.4,0.000758188,27600.7,698917.0,928208.0,Success
1000,1000,Heap Sort,Half Sorted,111595.9,0.000111596,1838.3,108333.0,122042.0,Success
1000,1000,Merge Sort,Half Sorted,1020824.5,0.001020824,7414.7,1004458.0,1082583.0,Success
1000,1000,Quick Sort,Half Sorted,1022498.1,0.001022498,43650.3,927375.0,1222084.0,Success
1000,1000,Timsort (built-in),Half Sorted,25670.0,0.000025670,613.5,24709.0,36250.0,Success
1000,1000,Timsort (custom),Half Sorted,686979.3,0.000686979,13216.7,660541.0,740417.0,Success
1000,1000,Radix Sort,Half Sorted,203832.6,0.000203833,22511.0,183292.0,249000.0,Success
1000,1000,Counting Sort,Half Sorted,144391.0,0.000144391,2142.0,140709.0,166666.0,Success
1000,1000,Shell Sort,Flat (Few Unique),413226.8,0.000413227,9741.1,387750.0,457250.0,Success
1000,1000,Heap Sort,Flat (Few Unique),132473.3,0.000132473,1771.8,127167.0,149791.0,Success
1000,1000,Merge Sort,Flat (Few Unique),1099352.4,0.001099352,8827.1,1080167.0,1200625.0,Success
1000,1000,Quick Sort,Flat (Few Unique),155869.5,0.000155870,19192.1,128959.0,200292.0,Success
1000,1000,Timsort (built-in),Flat (Few Unique),31020.9,0.000031021,787.0,30250.0,41167.0,Success
1000,1000,Timsort (custom),Flat (Few Unique),823619.0,0.000823619,11945.9,794458.0,884416.0,Success
1000,1000,Radix Sort,Flat (Few Unique),90572.2,0.000090572,1365.8,87875.0,101333.0,Success
1000,1000,Counting Sort,Flat (Few Unique),70497.0,0.000070497,1473.2,68625.0,95292.0,Success
1000,1000,Shell Sort,Floats,845189.3,0.000845189,26661.0,775792.0,978667.0,Success
1000,1000,Heap Sort,Floats,114702.8,0.000114703,2413.4,110459.0,130167.0,Success
1000,1000,Merge Sort,Floats,1111512.6,0.001111513,6654.5,1095292.0,1148292.0,Success
1000,1000,Quick Sort,Floats,1179475.6,0.001179476,42881.7,1091208.0,1387792.0,Success
1000,1000,Timsort (built-in),Floats,53778.1,0.000053778,1192.0,52334.0,69000.0,Success
1000,1000,Timsort (custom),Floats,913153.9,0.000913154,14126.4,877959.0,984167.0,Success
1000,1000,Radix Sort,Floats,,,,,,Skipped (integers only)
1000,1000,Counting Sort,Floats,,,,,,Skipped (integers only)
1000,1000,Shell Sort,Strings,892375.4,0.000892375,30009.4,827458.0,1006084.0,Success
1000,1000,Heap Sort,Strings,174187.7,0.000174188,2105.7,168125.0,184375.0,Success
1000,1000,Merge Sort,Strings,1139340.7,0.001139341,5134.7,1126417.0,1170833.0,Success
1000,1000,Quick Sort,Strings,1237861.6,0.001237862,43868.6,1126542.0,1412875.0,Success
1000,1000,Timsort (built-in),Strings,75492.6,0.000075493,1049.0,73958.0,88458.0,Success
1000,1000,Timsort (custom),Strings,963847.6,0.000963848,15141.3,920250.0,1024667.0,Success
1000,1000,Radix Sort,Strings,,,,,,Skipped (integers only)
1000,1000,Counting Sort,Strings,,,,,,Skipped (integers only)
10000,100,Shell Sort,Random Ints,14917975.4,0.014917975,779473.8,13551709.0,17602125.0,Success
10000,100,Heap Sort,Random Ints,1638735.1,0.001638735,58667.4,1554833.0,1848583.0,Success
10000,100,Merge Sort,Random Ints,14734641.3,0.014734641,204229.1,14370833.0,15198375.0,Success
10000,100,Quick Sort,Random Ints,15161213.3,0.015161213,528023.5,14374375.0,17287000.0,Success
10000,100,Timsort (built-in),Random Ints,661537.5,0.000661537,5812.6,651792.0,686792.0,Success
10000,100,Timsort (custom),Random Ints,12252020.8,0.012252021,319156.4,11738583.0,12858208.0,Success
10000,100,Radix Sort,Random Ints,2839722.0,0.002839722,108182.2,2774167.0,3286959.0,Success
10000,100,Counting Sort,Random Ints,6315082.1,0.006315082,131199.9,6100542.0,6605750.0,Success
10000,100,Shell Sort,Sorted Ints,3697770.0,0.003697770,38937.1,3668083.0,3896375.0,Success
10000,100,Heap Sort,Sorted Ints,1421819.6,0.001421820,13479.6,1391375.0,1453875.0,Success
10000,100,Merge Sort,Sorted Ints,11798017.5,0.011798017,122284.2,11636875.0,12118250.0,Success
10000,100,Quick Sort,Sorted Ints,14691228.8,0.014691229,492436.2,13895084.0,15971708.0,Success
10000,100,Timsort (built-in),Sorted Ints,19199.2,0.000019199,1057.6,18500.0,25042.0,Success
10000,100,Timsort (custom),Sorted Ints,7352880.8,0.007352881,126300.7,7202333.0,7764875.0,Success
10000,100,Radix Sort,Sorted Ints,2241034.2,0.002241034,14025.1,2216417.0,2289208.0,Success
10000,100,Counting Sort,Sorted Ints,1396066.6,0.001396067,14112.4,1381209.0,1451333.0,Success
10000,100,Shell Sort,Reverse Sorted,7049785.0,0.007049785,40356.0,6971625.0,7233834.0,Success
10000,100,Heap Sort,Reverse Sorted,1358462.5,0.001358462,17423.6,1313250.0,1424458.0,Success
10000,100,Merge Sort,Reverse Sorted,12022361.2,0.012022361,73081.4,11885958.0,12205459.0,Success
10000,100,Quick Sort,Reverse Sorted,14700787.9,0.014700788,428913.8,13962666.0,16364500.0,Success
10000,100,Timsort (built-in),Reverse Sorted,20627.2,0.000020627,961.4,19958.0,28167.0,Success
10000,100,Timsort (custom),Reverse Sorted,12148632.1,0.012148632,85261.7,12037500.0,12290333.0,Success
10000,100,Radix Sort,Reverse Sorted,2667581.2,0.002667581,18780.6,2627500.0,2699083.0,Success
10000,100,Counting Sort,Reverse Sorted,1420739.5,0.001420740,11838.7,1399875.0,1482250.0,Success
10000,100,Shell Sort,Almost Sorted,9467007.6,0.009467008,355886.0,8920667.0,11400583.0,Success
10000,100,Heap Sort,Almost Sorted,1418580.8,0.001418581,16962.0,1391459.0,1481500.0,Success
10000,100,Merge Sort,Almost Sorted,13145130.8,0.013145131,119307.2,12973000.0,13484500.0,Success
10000,100,Quick Sort,Almost Sorted,14693578.4,0.014693578,431203.0,14018500.0,16226083.0,Success
10000,100,Timsort (built-in),Almost Sorted,129290.5,0.000129290,4143.6,123750.0,150584.0,Success
10000,100,Timsort (custom),Almost Sorted,8942924.1,0.008942924,184850.5,8728916.0,9638125.0,Success
10000,100,Radix Sort,Almost Sorted,2234761.6,0.002234762,10104.7,2217583.0,2268917.0,Success
10000,100,Counting Sort,Almost Sorted,1425895.4,0.001425895,11792.4,1411833.0,1474459.0,Success
10000,100,Shell Sort,Half Sorted,13282538.8,0.013282539,653563.7,12253875.0,15365667.0,Success
10000,100,Heap Sort,Half Sorted,1525191.3,0.001525191,24535.6,1480333.0,1596291.0,Success
10000,100,Merge Sort,Half Sorted,13194881.2,0.013194881,124019.5,13050416.0,13747291.0,Success
10000,100,Quick Sort,Half Sorted,13673158.4,0.013673158,443639.5,13011792.0,15008542.0,Success
10000,100,Timsort (built-in),Half Sorted,345291.7,0.000345292,3429.3,338208.0,364291.0,Success
10000,100,Timsort (custom),Half Sorted,9808728.0,0.009808728,185516.3,9637708.0,10548583.0,Success
10000,100,Radix Sort,Half Sorted,2496070.0,0.002496070,218002.6,2271375.0,2774291.0,Success
10000,100,Counting Sort,Half Sorted,1470187.1,0.001470187,11803.6,1444958.0,1492625.0,Success
10000,100,Shell Sort,Flat (Few Unique),5422512.9,0.005422513,111830.6,5240166.0,5683125.0,Success
10000,100,Heap Sort,Flat (Few Unique),1485421.2,0.001485421,26837.2,1433875.0,1524000.0,Success
10000,100,Merge Sort,Flat (Few Unique),14011701.2,0.014011701,52631.4,13921458.0,14180042.0,Success
10000,100,Quick Sort,Flat (Few Unique),1522328.4,0.001522328,177977.8,1316625.0,1881542.0,Success
10000,100,Timsort (built-in),Flat (Few Unique),297572.1,0.000297572,5150.5,294625.0,329208.0,Success
10000,100,Timsort (custom),Flat (Few Unique),10939912.0,0.010939912,42692.8,10854333.0,11089000.0,Success
10000,100,Radix Sort,Flat (Few Unique),855066.7,0.000855067,12512.7,835542.0,921875.0,Success
10000,100,Counting Sort,Flat (Few Unique),763668.0,0.000763668,7467.4,751917.0,808250.0,Success
10000,100,Shell Sort,Floats,14700522.9,0.014700523,558460.5,13697916.0,16697208.0,Success
10000,100,Heap Sort,Floats,1715701.6,0.001715702,27047.1,1664334.0,1777541.0,Success
10000,100,Merge Sort,Floats,14950138.3,0.014950138,274225.2,14430458.0,15420792.0,Success
10000,100,Quick Sort,Floats,15433386.2,0.015433386,418953.9,14689625.0,16485667.0,Success
10000,100,Timsort (built-in),Floats,723048.4,0.000723048,6208.9,711292.0,758083.0,Success
10000,100,Timsort (custom),Floats,12143232.1,0.012143232,316063.0,11822208.0,12828916.0,Success
10000,100,Radix Sort,Floats,,,,,,Skipped (integers only)
10000,100,Counting Sort,Floats,,,,,,Skipped (integers only)
10000,100,Shell Sort,Strings,15295494.6,0.015295495,410126.8,14522208.0,16511500.0,Success
10000,100,Heap Sort,Strings,2281952.1,0.002281952,19023.0,2251750.0,2325625.0,Success
10000,100,Merge Sort,Strings,14864720.8,0.014864721,100160.0,14742042.0,15160208.0,Success
10000,100,Quick Sort,Strings,16062025.5,0.016062025,405447.6,15236459.0,17233250.0,Success
10000,100,Timsort (built-in),Strings,1024228.8,0.001024229,5544.7,1011334.0,1038791.0,Success
10000,100,Timsort (custom),Strings,12469582.1,0.012469582,69401.7,12356792.0,12669125.0,Success
10000,100,Radix Sort,Strings,,,,,,Skipped (integers only)
10000,100,Counting Sort,Strings,,,,,,Skipped (integers only)
100000,10,Shell Sort,Random Ints,248793716.8,0.248793717,13304289.0,229788292.0,269842334.0,Success
100000,10,Heap Sort,Random Ints,25506462.6,0.025506463,358418.0,25053834.0,26096083.0,Success
100000,10,Merge Sort,Random Ints,182277953.9,0.182277954,3314281.2,177594917.0,186995208.0,Success
100000,10,Quick Sort,Random Ints,185430695.8,0.185430696,5808076.9,178729875.0,196018083.0,Success
100000,10,Timsort (built-in),Random Ints,8713504.1,0.008713504,90507.2,8572250.0,8831583.0,Success
100000,10,Timsort (custom),Random Ints,160058366.7,0.160058367,4193644.4,155225000.0,167156375.0,Success
100000,10,Radix Sort,Random Ints,33557712.4,0.033557712,1932491.6,32354708.0,37364292.0,Success
100000,10,Counting Sort,Random Ints,62926408.3,0.062926408,1579596.5,60844291.0,65143459.0,Success
100000,10,Shell Sort,Sorted Ints,48029112.5,0.048029112,307093.6,47474625.0,48413708.0,Success
100000,10,Heap Sort,Sorted Ints,16586771.0,0.016586771,324692.9,16136834.0,17240750.0,Success
100000,10,Merge Sort,Sorted Ints,142897787.3,0.142897787,521860.6,142161708.0,143694625.0,Success
100000,10,Quick Sort,Sorted Ints,178797050.1,0.178797050,5685330.7,172397500.0,192520750.0,Success
100000,10,Timsort (built-in),Sorted Ints,195500.0,0.000195500,30444.4,178250.0,280250.0,Success
100000,10,Timsort (custom),Sorted Ints,95899654.4,0.095899654,268080.7,95622167.0,96285500.0,Success
100000,10,Radix Sort,Sorted Ints,26301716.5,0.026301716,143553.9,26102083.0,26564167.0,Success
100000,10,Counting Sort,Sorted Ints,14184954.2,0.014184954,195797.7,13934500.0,14576458.0,Success
100000,10,Shell Sort,Reverse Sorted,87314583.2,0.087314583,205416.9,87122292.0,87765541.0,Success
100000,10,Heap Sort,Reverse Sorted,15671891.6,0.015671892,173058.7,15435000.0,15901916.0,Success
100000,10,Merge Sort,Reverse Sorted,144582779.2,0.144582779,530311.9,143534791.0,145473292.0,Success
100000,10,Quick Sort,Reverse Sorted,179056621.1,0.179056621,4420276.3,171292584.0,186723709.0,Success
100000,10,Timsort (built-in),Reverse Sorted,212775.1,0.000212775,38084.0,192250.0,319417.0,Success
100000,10,Timsort (custom),Reverse Sorted,156764737.5,0.156764738,343721.1,156156125.0,157242875.0,Success
100000,10,Radix Sort,Reverse Sorted,30717441.6,0.030717442,277546.0,30310875.0,31058542.0,Success
100000,10,Counting Sort,Reverse Sorted,14041983.1,0.014041983,104171.4,13866709.0,14235625.0,Success
100000,10,Shell Sort,Almost Sorted,152489241.8,0.152489242,4468177.9,147643666.0,158393333.0,Success
100000,10,Heap Sort,Almost Sorted,17212379.2,0.017212379,236667.9,16901291.0,17632417.0,Success
100000,10,Merge Sort,Almost Sorted,162326141.6,0.162326142,818685.0,161514750.0,163874542.0,Success
100000,10,Quick Sort,Almost Sorted,179256654.1,0.179256654,2986251.8,175028750.0,182769417.0,Success
100000,10,Timsort (built-in),Almost Sorted,1560841.6,0.001560842,25808.2,1531750.0,1608375.0,Success
100000,10,Timsort (custom),Almost Sorted,117136225.1,0.117136225,661948.9,116478583.0,118293792.0,Success
100000,10,Radix Sort,Almost Sorted,26532979.2,0.026532979,229710.3,26179458.0,26857625.0,Success
100000,10,Counting Sort,Almost Sorted,14089629.0,0.014089629,88245.5,13982125.0,14277500.0,Success
100000,10,Shell Sort,Half Sorted,224489545.9,0.224489546,9315717.0,211473916.0,237498166.0,Success
100000,10,Heap Sort,Half Sorted,20936537.6,0.020936538,397857.8,19938917.0,21400250.0,Success
100000,10,Merge Sort,Half Sorted,160975425.1,0.160975425,2708561.3,157515750.0,166577708.0,Success
100000,10,Quick Sort,Half Sorted,167102641.6,0.167102642,4938193.3,163570542.0,179668708.0,Success
100000,10,Timsort (built-in),Half Sorted,4431158.4,0.004431158,23500.0,4392667.0,4477500.0,Success
100000,10,Timsort (custom),Half Sorted,128219029.1,0.128219029,3039265.4,126180458.0,136446792.0,Success
100000,10,Radix Sort,Half Sorted,28992100.1,0.028992100,2209339.5,27062666.0,31741792.0,Success
100000,10,Counting Sort,Half Sorted,14592470.9,0.014592471,103903.2,14492583.0,14782584.0,Success
100000,10,Shell Sort,Flat (Few Unique),65419845.6,0.065419846,1209120.5,63204000.0,67270167.0,Success
100000,10,Heap Sort,Flat (Few Unique),16769812.5,0.016769813,132561.4,16566625.0,17000667.0,Success
100000,10,Merge Sort,Flat (Few Unique),169563920.9,0.169563921,735030.4,168264792.0,170920333.0,Success
100000,10,Quick Sort,Flat (Few Unique),15447566.7,0.015447567,1736256.6,13470667.0,18624083.0,Success
100000,10,Timsort (built-in),Flat (Few Unique),3111312.5,0.003111312,19503.4,3097958.0,3162792.0,Success
100000,10,Timsort (custom),Flat (Few Unique),141060941.7,0.141060942,626666.7,140061292.0,141873125.0,Success
100000,10,Radix Sort,Flat (Few Unique),8277454.0,0.008277454,105399.2,8079125.0,8431167.0,Success
100000,10,Counting Sort,Flat (Few Unique),7663779.3,0.007663779,66483.3,7611792.0,7826208.0,Success
100000,10,Shell Sort,Floats,240625462.6,0.240625463,9184261.6,228201667.0,257710083.0,Success
100000,10,Heap Sort,Floats,25651600.0,0.025651600,865600.5,24816875.0,27073250.0,Success
100000,10,Merge Sort,Floats,186227520.8,0.186227521,2770735.0,179472625.0,189989667.0,Success
100000,10,Quick Sort,Floats,188268404.0,0.188268404,3607394.7,184574292.0,196927000.0,Success
100000,10,Timsort (built-in),Floats,9292795.9,0.009292796,46586.0,9249042.0,9412375.0,Success
100000,10,Timsort (custom),Floats,163872975.1,0.163872975,4148679.0,155722458.0,166657792.0,Success
100000,10,Radix Sort,Floats,,,,,,Skipped (integers only)
100000,10,Counting Sort,Floats,,,,,,Skipped (integers only)
100000,10,Shell Sort,Strings,250947004.4,0.250947004,11202363.6,231704792.0,268283167.0,Success
100000,10,Heap Sort,Strings,29182600.0,0.029182600,350441.4,28564292.0,29632084.0,Success
100000,10,Merge Sort,Strings,183740966.7,0.183740967,476870.4,183141959.0,184679959.0,Success
100000,10,Quick Sort,Strings,195428649.8,0.195428650,4115924.2,189412791.0,203890167.0,Success
100000,10,Timsort (built-in),Strings,12596658.5,0.012596658,391320.2,12155167.0,13041750.0,Success
100000,10,Timsort (custom),Strings,163375962.5,0.163375962,528305.7,162663792.0,164269875.0,Success
100000,10,Radix Sort,Strings,,,,,,Skipped (integers only)
100000,10,Counting Sort,Strings,,,,,,Skipped (integers only)
1000000,3,Shell Sort,Random Ints,4762817347.3,4.762817347,347517014.4,4507359042.0,5158546250.0,Success
1000000,3,Heap Sort,Random Ints,590633222.7,0.590633223,7302257.0,583726917.0,598275667.0,Success
1000000,3,Merge Sort,Random Ints,2235725944.7,2.235725945,54764809.8,2172643500.0,2271093167.0,Success
1000000,3,Quick Sort,Random Ints,2354785611.3,2.354785611,158914634.0,2252373750.0,2537854042.0,Success
1000000,3,Timsort (built-in),Random Ints,115830694.3,0.115830694,1002505.9,114789208.0,116789042.0,Success
1000000,3,Timsort (custom),Random Ints,2072889292.0,2.072889292,52215716.2,2027404417.0,2129907459.0,Success
1000000,3,Radix Sort,Random Ints,698663653.0,0.698663653,1981419.4,697218208.0,700922292.0,Success
1000000,3,Counting Sort,Random Ints,693620403.0,0.693620403,7693645.2,686920542.0,702022667.0,Success
1000000,3,Shell Sort,Sorted Ints,582165583.0,0.582165583,1836505.0,580410833.0,584074166.0,Success
1000000,3,Heap Sort,Sorted Ints,205505888.7,0.205505889,3050377.1,201985666.0,207370042.0,Success
1000000,3,Merge Sort,Sorted Ints,1696112917.0,1.696112917,16438475.8,1681958667.0,1714142959.0,Success
1000000,3,Quick Sort,Sorted Ints,2082472347.3,2.082472347,51770383.1,2040449250.0,2140303959.0,Success
1000000,3,Timsort (built-in),Sorted Ints,1924680.7,0.001924681,118033.6,1796042.0,2028000.0,Success
1000000,3,Timsort (custom),Sorted Ints,1200837722.3,1.200837722,30860215.1,1181684417.0,1236437750.0,Success
1000000,3,Radix Sort,Sorted Ints,383864847.3,0.383864847,4545731.9,378616042.0,386524042.0,Success
1000000,3,Counting Sort,Sorted Ints,143695596.7,0.143695597,201380.4,143476166.0,143871958.0,Success
1000000,3,Shell Sort,Reverse Sorted,998103153.0,0.998103153,5924951.1,991925333.0,1003737834.0,Success
1000000,3,Heap Sort,Reverse Sorted,179824972.3,0.179824972,580776.1,179486375.0,180495584.0,Success
1000000,3,Merge Sort,Reverse Sorted,1687494139.0,1.687494139,17730571.0,1674136625.0,1707610000.0,Success
1000000,3,Quick Sort,Reverse Sorted,2114770472.3,2.114770472,21971830.5,2089674750.0,2130545542.0,Success
1000000,3,Timsort (built-in),Reverse Sorted,2104194.7,0.002104195,112153.1,1982917.0,2204167.0,Success
1000000,3,Timsort (custom),Reverse Sorted,1939329278.0,1.939329278,4463764.1,1935248833.0,1944096709.0,Success
1000000,3,Radix Sort,Reverse Sorted,428174319.3,0.428174319,1851706.9,426590250.0,430210083.0,Success
1000000,3,Counting Sort,Reverse Sorted,141208847.3,0.141208847,1105668.3,140060625.0,142266375.0,Success
1000000,3,Shell Sort,Almost Sorted,2458367903.0,2.458367903,42192544.1,2419240250.0,2503070959.0,Success
1000000,3,Heap Sort,Almost Sorted,227886291.7,0.227886292,2127803.9,225496500.0,229575375.0,Success
1000000,3,Merge Sort,Almost Sorted,2001596500.0,2.001596500,37148103.3,1963275916.0,2037449042.0,Success
1000000,3,Quick Sort,Almost Sorted,2106389639.0,2.106389639,56156935.7,2063149291.0,2169858417.0,Success
1000000,3,Timsort (built-in),Almost Sorted,20669319.3,0.020669319,555847.3,20078833.0,21182417.0,Success
1000000,3,Timsort (custom),Almost Sorted,1504477778.0,1.504477778,63053943.1,1459939000.0,1576627250.0,Success
1000000,3,Radix Sort,Almost Sorted,388695152.7,0.388695153,3979696.9,384851000.0,392797792.0,Success
1000000,3,Counting Sort,Almost Sorted,146404986.0,0.146404986,889507.7,145422375.0,147155291.0,Success
1000000,3,Shell Sort,Half Sorted,3856538694.7,3.856538695,180121535.7,3669477208.0,4028808042.0,Success
1000000,3,Heap Sort,Half Sorted,357806986.0,0.357806986,10528308.3,346274833.0,366905083.0,Success
1000000,3,Merge Sort,Half Sorted,1947267875.0,1.947267875,46696801.5,1919370250.0,2001177708.0,Success
1000000,3,Quick Sort,Half Sorted,2005175958.3,2.005175958,40484866.5,1965963959.0,2046823708.0,Success
1000000,3,Timsort (built-in),Half Sorted,58856263.7,0.058856264,259586.8,58557875.0,59030125.0,Success
1000000,3,Timsort (custom),Half Sorted,1586622541.3,1.586622541,11154913.9,1575590166.0,1597896083.0,Success
1000000,3,Radix Sort,Half Sorted,446296569.3,0.446296569,28552333.4,415498125.0,471885375.0,Success
1000000,3,Counting Sort,Half Sorted,148684000.0,0.148684000,624311.4,148243542.0,149398458.0,Success
1000000,3,Shell Sort,Flat (Few Unique),754625292.0,0.754625292,7419149.4,746348084.0,760676917.0,Success
1000000,3,Heap Sort,Flat (Few Unique),188012000.0,0.188012000,2181557.9,186380083.0,190489834.0,Success
1000000,3,Merge Sort,Flat (Few Unique),1999838264.0,1.999838264,7049837.9,1994929208.0,2007916500.0,Success
1000000,3,Quick Sort,Flat (Few Unique),169551444.3,0.169551444,20891999.9,146966250.0,188186208.0,Success
1000000,3,Timsort (built-in),Flat (Few Unique),34277125.0,0.034277125,115620.0,34157750.0,34388583.0,Success
1000000,3,Timsort (custom),Flat (Few Unique),1742159944.7,1.742159945,2560653.9,1739225958.0,1743944334.0,Success
1000000,3,Radix Sort,Flat (Few Unique),80906208.0,0.080906208,369017.4,80553833.0,81289875.0,Success
1000000,3,Counting Sort,Flat (Few Unique),77999389.3,0.077999389,254800.8,77849042.0,78293584.0,Success
1000000,3,Shell Sort,Floats,4369475222.0,4.369475222,281483776.9,4101667083.0,4662885458.0,Success
1000000,3,Heap Sort,Floats,614344082.7,0.614344083,10781085.8,602318791.0,623145291.0,Success
1000000,3,Merge Sort,Floats,2269695680.7,2.269695681,64243833.4,2195992542.0,2313838042.0,Success
1000000,3,Quick Sort,Floats,2267307583.3,2.267307583,18088229.4,2247792125.0,2283510792.0,Success
1000000,3,Timsort (built-in),Floats,121047527.3,0.121047527,911093.9,120246708.0,122038791.0,Success
1000000,3,Timsort (custom),Floats,2083378791.3,2.083378791,60381557.5,2047607250.0,2153093416.0,Success
1000000,3,Radix Sort,Floats,,,,,,Skipped (integers only)
1000000,3,Counting Sort,Floats,,,,,,Skipped (integers only)
1000000,3,Shell Sort,Strings,4931120527.7,4.931120528,243136541.6,4658545750.0,5125654125.0,Success
1000000,3,Heap Sort,Strings,661828180.7,0.661828181,11863907.3,651978792.0,674998750.0,Success
1000000,3,Merge Sort,Strings,2329577791.7,2.329577792,7422702.4,2321786708.0,2336567000.0,Success
1000000,3,Quick Sort,Strings,2423381000.3,2.423381000,17819395.4,2409943834.0,2443594500.0,Success
1000000,3,Timsort (built-in),Strings,182470611.3,0.182470611,4699171.3,177221167.0,186284750.0,Success
1000000,3,Timsort (custom),Strings,2255884097.0,2.255884097,4614288.8,2250565541.0,2258819750.0,Success
1000000,3,Radix Sort,Strings,,,,,,Skipped (integers only)
1000000,3,Counting Sort,Strings,,,,,,Skipped (integers only)
